id,english,hindi
1,My grandfather is from Osaka.,मेरे दादा ओसाका के हैं।
2,Did you forget?,भूल गयी?
3,Take this medicine every six hours.,इस दवाई को हर छः घंटे लेना।
4,They adopted the orphan.,उन्होंने अनाथ बच्चे को गोद ले लिया।
5,There are no towels in room 15.,कमरा नम्बर पंद्राह में तौलिये नहीं हैं।
6,I need coughing medicine.,मुझे खाँसी की दवाई चाहिए।
7,I tried to tell you.,मैंने तुम्हे बताने की कोशिश करी थी।
8,This river is beautiful.,यह नदी बहुत सुन्दर है।
9,I accompanied her on a walk.,मैं उसके साथ सैर के लिए गया।
10,I want this photograph developed as soon as possible.,मुझे यह तस्वीर जल्द-से-जल्द बनवानी है।
11,He will commit suicide if he can't see his son.,वह अपने बेटे को नहीं देख पाया तो वह आत्महत्या कर लेगा।
12,I was scared that you might leave me.,मुझे डर था कि तुम मुझे छोड़ दोगे।
13,They looked at each other.,उन्होंने एक-दूसरे को देखा।
14,Is it hard to speak English?,अंग्रेज़ी बोलना मुश्किल होता है क्या?
15,The child must be taught to respect the truth and to tell the truth.,इस बच्चे को सच का आदर और सच का पालन करना सिखाना होगा।
16,"I tried to give her some money, but she wouldn't take any.",मैंने उसको पैसे देने की कोशिश करी पर उसने इनकार कर दिया।
17,"She is very careful, so she seldom makes mistakes.","वह बहुत ध्यानपूर्वक है, इसलिए बहुत कम ग़लतियाँ करती है।"
18,The world is a small village.,दुनिया एक छोटा सा गाँव है।
19,Mother bought a beautiful doll for her.,माँ ने उसके लिए एक सुन्दर सी गुड़िया खरीदी।
20,This is a picture of my sister.,यह मेरी बहन की तस्वीर है।
21,He finished his dinner because he didn't like to waste food.,"उसे खाने की बर्बादी करना पसंद नहीं था, तो उसने अपना खाना खाकर खतम किया।"
22,Kanji are difficult to read.,चीनी अक्षर पढ़ने में मुश्किल होते हैं।
23,He cannot answer their questions.,वह उनके सवालों का जवाब नहीं दे सकता।
24,Our meeting was quite accidental.,हमारी मुलाकात ग़लती से हो गई।
25,"Who searches, finds.","जो ढूँढता है, उसीको मिलता है।"
26,The hole is about five feet across.,गड्ढा पाँच फ़ुट चौड़ा है।
27,My whole body feels heavy.,मेरा पूरा शरीर भारी सा लगता है।
28,He is possessed of intelligence.,वह अकलमंद है।
29,No answer is also an answer.,जवाब न देना भी एक तरह का जवाब होता है।
30,I'd like a city map.,मुझे शहर का नक्शा चाहिए।
31,He broke himself of the bad habit of smoking.,उसने अपनी सिगरेट पीने की बुरी आदत छोड़ दी।
32,This soup smacks of fish.,इस सूप में मछली का स्वाद है।
33,Mary is setting by money to go to Japan.,मेरी जापान जाने के लिए पैसे जुटा रही है।
34,These shoes are hers.,यह जूते उसके हैं।
35,It's for free.,यह मुफ़्त है।
36,It is free of charge.,यह मुफ़्त का है।
37,The food was not fit for man or beast.,वह खाना न तो आदमी न जानवर को खिलाने लायक था।
38,It has been fine since last Friday.,पिछले शनिवार से मौसम बहुत अच्छा है।
39,He asked our pardon for making a mistake.,उसने ग़लती करने के लिए हमसे माफ़ी माँगी।
40,I couldn't make out what he wanted to say.,मैं समझ नहीं पा रहा था कि वह कहना क्या चाहता था।
41,What number should I call in case of an emergency?,आपातकालीन स्तिथि में मुझे क्या नम्बर मिलाना चाहिए?
42,The jeans looked none the cleaner for having been washed.,जीन्ज़ धुलकर भी साफ़ नहीं लग रहीं थीं।
43,Something must have happened to him on the way.,उसके साथ रास्ते पर कुछ हुआ होगा।
44,Let me give you a piece of advice.,मैं तुम्हें एक बात की सलाह देता हूँ।
45,There is no point in studying if you are feeling tired.,अगर थक गए हो तो पढ़ाई करने से कोई फ़ायदा नहीं है।
46,"The instant he opened the door, he smelt something burning.",उसे दरवाज़ा खोलते ही किसी चीज़ के जलने की बदबू सुँघाई दी।
47,That's too small to fit on your head.,वह तुम्हारे सर के लिए बहुत छोटा है।
48,What do you want to do in the afternoon?,तुम्हे दोपहर में क्या करने का मन है?
49,The station is located between these two towns.,स्टेशन इन दो नगरों के बीच स्थित है।
50,This lion is very tame.,यह शेर बहुत पालतू है।
51,All the students look up to him.,सारे विद्यार्थी उसका आदर-सम्मान करते थे।
52,He ought to have made allowances for his age.,उसे अपनी उम्र के बारे में सोचना चाहिए था।
53,My sister is very fond of children.,मेरी बहन को बच्चों से बहुत प्यार है।
54,Chris gets 7 gold coins!,क्रिस को सात सोने के सिक्के मिलते हैं!
55,This medicine will clear up your cold.,यह दवाई तुम्हारा गला साफ़ कर देगी।
56,You didn't have to come so early.,तुम्हे इतना जल्दी आने की ज़रूरत नहीं थी।
57,The flower died for want of water.,फ़ूल पानी की कमी से मर गया।
58,I sat between Tom and John.,मैं टॉम और जॉन के बीच में बैठा।
59,The novel is centered on the Civil War.,यह उपन्यास सिविल वॉर के बारे में है।
60,Here stood a green field; now it is a supermarket.,यहां एक हरा मैदान था; अब एक सुपरमार्केट है।
61,"Turning to the left, you will find the post office.",बाईं तरफ़ को मुड़ोगे तो तुम्हें डाक घर नज़र आएगा।
62,Can we effect a compromise?,हम कोई समझौता कर सकतें हैं क्या?
63,It doesn't matter when you come.,इससे कोई फरक नहीं पड़ता कि तुम कब आते हो|
64,How do you like your eggs done?,तुम्हे अपने अँडे कैसे पसंद हैं?
65,I wish I could help you.,काश मैं तुम्हारी मदद कर सकता।
66,He tends to get angry when people oppose him.,जब लोग उसके खिलाफ़ जातें हैं तो वह गुस्सा हो जाता है।
67,I like flowers of every description.,मुझे हर तरह के फूल पसंद हैं।
68,You should make good use of your time.,तुम्हे अपने समय का ठीक से इस्तेमाल करना चाहिए।
69,"Although fatalities tend to be rare, many people died as a result of volcanic eruptions during the last quarter century.",घायलो की संख्या कम है पर पिछले सवा सौ वर्षों में ज्वालामुखी विस्फोटो के कारण बहुत लोग मरे है ।
70,A selfish man thinks of nothing but his own feelings.,मतलबी इनसान केवल अपनी भावनाओं के बारे में ही सोचता है।
71,The strikers called off the strike of their own accord.,हड़तालियों ने अपने-आप ही हड़ताल बंद कर दी।
72,"Instead of cleaning the house today, I think I'll take a walk.",मैं आज घर साफ़ करने के बजाय सैर करने जाऊँगी।
73,I think he's a bad person.,मुझे लगता है कि वह एक बुरा आदमी है ।
74,We need to look for a gas station because this car will soon run out of gas.,हमे पेट्रोल पम्प ढूँढना चाहिए क्योंकि गाड़ी में पेट्रोल खतम होने वाला है।
75,There is no satisfying spoiled children.,बिगड़े हुए बच्चों को खुश नहीं कर सकते।
76,She has been with me through the ebb and flow of my fortunes.,वे मेरी किस्मत के उतार चढ़ाव में लगातार मेरे साथ रहीं हैं।
77,The conditions that lead to my parents' divorce were engendered by their obsessive attitude toward work.,मेरे माता-पिता के विवाह विच्छेद के हालात उनके काम के प्रति अत्याधिक लगाव से पैदा हुए थे।
78,His first answer was laudable.,उनका पहला जवाब प्रशंसनीय था।
79,I agree with you to a degree.,मैं तुम्हारे साथ एक हद तक सहमत हूँ।
80,Are they Japanese or Chinese?,वे जापानी हैं या चीनी?
81,He will get better little by little.,वह धीरे-धीरे ठीक हो जाएगा।
82,He said he would see me the next day.,उसने कहा था कि वह मुझसे अगले दिन मिलेगा।
83,The animals in the forest died off.,जंगल के जानवर मर गए।
84,I had to help with the housework.,मुझे घर के कामकाज में मदद करनी पड़ी।
85,Someone knocked on the door.,किसी ने दरवाज़े पर खटखटाया।
86,May I talk with you in private about the matter?,मैं तुम्हारे साथ इस बारे में अकेले में बात कर सकता हूँ क्या?
87,Nancy received much solace from the cards and phone calls received from friends in the weeks after her husband died.,अपने पति की मृत्यु के बाद मित्रों के फोन और पत्रों से नेन्सी को काफी सांत्वना मिली।
88,Kill two birds with one stone.,एक तीर से दो शिकार।
89,We had no water to drink.,हमारे पास पीने के लिए पानी नहीं था।
90,In winter our lips get chapped.,सर्दियों में हमारे होठ फट जातें हैं।
91,"Hold your tongue, or you'll be killed.","अपनी ज़बान बंद रखो, नहीं तो मारे जाओगे।"
92,Let him in.,उसे अंदर भेजो।
93,It isn't raining much this year.,इस साल ज़्यादा बारिश नहीं हो रही है।
94,The bride suddenly laughed.,दुल्हन अचानक से हँस पड़ी।
95,You must get rid of such a habit.,तुम्हे इस तरह की आदत तोड़ देनी चाहिए।
96,The gate was left open.,गेट को खुला छोड़ दिया गया था।
97,The teacher was disappointed at my answer.,टीचर मेरा जवाब सुनकर निराश थीं।
98,There is a strange man at the door.,दरवाज़े पर कोई अजीब सा इनसान है।
99,Your parents are not to blame for such a result.,ऐसे नतीजे के लिए तुम्हारे माता-पिता पर दोष नहीं डाला जा सकता।
100,"He may be rich, but he is stingy.",वह अमीर है हो है पर कंजूस भी है।
101,I visit my grandmother twice a week.,मैं अपनी नानी से हफ़्ते में दो बार मिलने जाता हूँ।
102,He set fire to his own house.,उसने अपने ही घर को आग लगा दी।
103,Don't you want to go out?,बाहर नहीं जाना चाहते हो क्या?
104,How does the moon shine at night?,रात को चाँद कैसे चमकता है?
105,He believes whatever I say.,मैं जो भी कहता हूँ वह मेरा यकीन कर लेता है।
106,A new means of communication was developed — the railway.,संचार के एक नए माध्यम का विस्तार हुआ - रेल।
107,Do you cook by gas or electricity?,तुम बिजली से खाना पकाती हो या गैस से?
108,"At last, the truth became known to us.",आखिरकार हमे सच्चाई का पता चल गया।
109,My wife has just cleared the table.,मेरी बीवी ने अभी-अभी मेज़ को साफ़ किया है।
110,Don't lean against this wall.,इस दीवार पर मत झुँको।
111,I am not keen on this kind of music.,मुझे इस तरह का संगीत पसंद नहीं है।
112,Is it open on Sunday?,रविवार को खुला होता है क्या?
113,"It is, however, apposite to note that this process will continue in the year ahead.","तथापि, यह नोट करना उपयुक्त है कि यह प्रक्रिया अगले वर्ष जारी रहेगी।"
114,Speak louder for the benefit of those in the rear.,पीछे बैठे हुए लोगों के लिए थोड़ी ऊँची आवाज़ में बोलो।
115,Tom has sex with Mary.,टॉम मैरी के साथ संभोग करता है।
116,The President is to make a statement tomorrow.,राष्ट्रपति कल बयान देने वालें हैं।
117,We are sorry we can't help you.,माफ़ कीजिए पर हम आपकी मदद नहीं कर सकते।
118,Charlie was a mere child when I saw him last.,मैंने पिछली बार जब चार्ली को देखा था वह एक छोटा सा बच्चा था।
119,I have not finished the task yet.,मैंने अभी काम ख़तम नहीं किया है।
120,Do you have any brothers?,तुम्हारे कोई भाई हैं क्या?
121,It's not healthy for you.,यह तुम्हारी सेहत के लिए अच्छा नहीं है।
122,He has plenty of money in the bank.,उसके पास बैंक में बहुत पैसे हैं।
123,What time does it open?,कितने बजे खुलता है?
124,Same-sex marriage is legal here.,यहाँ समलैंगिक विवाह वैध है।
125,He kept us waiting for a long time.,उसने हमसे बहुत देर तक इंतेज़ार करवाया।
126,The temperature falls.,तापमान गिरता है।
127,We don't have sex anymore.,अभी हम सेक्स नहीं करते।
128,I don't know if it will rain tomorrow.,मुझे मालूम नहीं कल बारिश होगी या नहीं।
129,I have some money.,मेरे पास कुछ पैसे हैं।
130,"""What's the matter?"" asked the little white rabbit.","""क्या बात है?"" छोटे सफ़ेद खरगोश ने पूछा।"
131,You startled me!,तुमने मुझे डरा दिया!
132,"To make matters worse, he fell ill.",और-तो-और वह बीमार भी पड़ गया।
133,He named his son James.,उसने अपने बेटे का नाम जेम्स रखा।
134,Dan and Linda began to have sex.,डॅन और लिंडा सेक्स करने लगे।
135,"In that case, call the police.",अगर ऐसी बात है तो मैं पुलिस को फ़ोन मिलाता हूँ।
136,Never have I been so happy.,मैं कभी इतना खुश नहीं हुआ हूँ।
137,It is very important for us to know each other.,हमारे लिए एक-दूसरे को समझना बहुत ज़रूरी है।
138,Will you please go there?,आप वहाँ जाएँगे क्या?
139,What happened to our order?,हमारे औरडर का क्या हुआ?
140,Please give me the paper when you have done with it.,जब आपने अखबार पढ़ लिया हो तो मुझे दे दीजिएगा।
141,The number of fish caught in this river was very small.,इस नदी में बहुत कम मछलियाँ पकड़ीं गईं।
142,What's more surprising?,अधिक आश्चर्य की बात क्या है?
143,It will take me no less than 10 hours to prepare for the exam.,मुझे परीक्षा की तैयारी करने के लिए कम-से-कम दस घंटे लगेंगे।
144,I am so disappointed.,मुझे इतनी अधिक निराशा हुई है।
145,He saw a dog near the door.,उसने दरवाज़े के पास एक कुत्ता देखा।
146,"In India, you can find many saints in the Himalayan region who could be called prescient.",भारत में आप हिमालय क्षेत्र में ऐसे अनेक साधुओं को देख सकते हैं जिन्हें भविष्यदर्शी कहा जा सकता है।
147,Wear warm clothes in winter.,सर्दियों में गरम कपड़े पहनो।
148,Neither wild nor domestic animals appear to have any premonition of death.,न तो वन्य जीवों और न ही घरेलू जीवों को मृत्यु का पूर्वाभास होता है।
149,Too much money?,पैसे बहुत ज़्यादा हैं क्या?
150,Software is like sex: it's better when it's free.,सॉफ़्टवेयर सेक्स की तरह होता है: मुफ़्त में मिले तो बेहतर।
151,Do you know this part of the city very well?,तुम शहर के इस हिस्से को अच्छी तरह से जानते हो क्या?
152,The other day her mother passed away in the hospital.,कुछ दिन पहले उसकी माँ हस्पताल में चल बसीं।
153,"In metro cities, the local population mingles freely with visitors.",महानगरों में स्थानीय जनता आगन्तुकों के साथ स्वतंत्रता पूर्वक घुल-मिल जाती है।
154,My dear little cat has been missing for a week.,मेरी प्यारी सी नन्ही सी बिल्ली एक हफ़्ते से गायब है।
155,He always got in a fight with his mother in the movie.,वह फिल्म में हमेशा अपनी मां से झगड़ता रहता था।
156,My grandmother speaks slowly.,मेरी नानी धीरे-धीरे बोलतीं हैं।
157,The wind carries seeds for great distances.,हवा बीजों को दूर-दूर तक लेजाती है।
158,"After sex, I fell asleep with my head on her belly.",सेक्स के बाद मैं उसके पेट पर सिर रख कर सो गया।
159,I informed her of my success.,मैंने उसको अपनी कामयाबी के बारे में बताया।
160,He can't be ill.,वह बीमार नहीं हो सकता।
161,The village head decided to build a large granary to protect the grain from the weevils.,गांव के प्रधान ने अनाज को घुन आदि से बचाने के लिए एक विशाल अन्नागार बनाने का निर्णय किया।
162,Where should I pick the tickets up?,मुझे टिकटें कहाँ से लेनीं होंगीं?
163,"We love each other, but we don't have sex anymore.","हम एक दूसरे से प्यार करते हैं, मगर अब हम सेक्स नहीं करते।"
164,The police tried hard to unravel the mystery of killing.,पुलिस ने हत्या की गुथी को सुलझाने के लिए कड़ा प्रयास किया।
165,The criminal disclosed all the facts of the case eventually.,अंततः अपराधी ने मामले के सभी तथ्यों को उजागर कर दिया।
166,"If something does happen, I'll just play it by ear.",अगर कुछ हो भी जाता है तो मैं कोई-न-कोई जुगाड़ कर लूँगा।
167,"The teacher said, ""That's all for today.""","टीचर ने कहा, ""बस आज के लिए इतना ही।"""
168,You must observe the rules of the club.,तुम्हे क्लब के नियमों का पालन करना होगा।
169,I'm coming at once.,मैं अभी आता हूँ।
170,It was proved that he was a thief.,यह साबित कर दिया गया कि वह चोर था।
171,What a dick!,क्या लंड है!
172,You could see the weevils that have infested the rice.,आप चावल में लगे घुन को देख सकते थे।
173,"Some children thought that they could compose a lullaby, paint a picture, or make a teddy bear.","कुछ बच्चों ने यह सोचा कि वे लोरी रच सकते हैं, तस्वीर में रंग भर सकते हैं या टैड्डी बियर बना सकते हैं।"
174,I mentioned your name to him.,मैंने उसके साथ तुम्हारा नाम लिया था।
175,The burglars gagged the home owner and tied him to a chair.,चोरों ने घर के मालिक का मुंह बंद कर दिया तथा उसे कुर्सी से बाँध दिया।
176,Tom was worried.,टॉम चिंतित था।
177,I am nothing but a poor peasant.,मैं तो बस एक गरीब किसान ही हूँ।
178,Your letter was received on 29th ultimo.,आपका पत्र पिछले महीने की २९ तारीख को प्राप्त हुआ।
179,It is said that he is sick.,कहा जाता है कि वह बीमार है।
180,It is a good cake.,अच्छा केक है।
181,You can hear animals yammer in the meadows.,आप चारागाहों में जानवरों के रिरियाने की आवाज़ों को सुन सकते हैं।
182,She was in despair when her husband died.,जब उसके पति की मौत हो गई उसने सारी उम्मीद छोड़ दी।
183,These questions are easy to answer.,इन सवालों का जवाब देना आसान है।
184,What do you call this bird?,इस पक्षी का नाम क्या है?
185,What is the name of this bird?,इस चिड़िया का नाम क्या है?
186,"However hard it may rain, we will start tomorrow.","चाहे जितनी भी ज़ोर से बारिश हो, हम कल निकल चलेंगे।"
187,I must adjust my watch. It's slow.,मुझे अपनी घड़ी ठीक करनी है। धीरे चल रही है।
188,What's the temperature?,तापमान क्या है?
189,We communicate with each other by telephone every day.,हम रोज़ एक-दूसरे से फ़ोन पर बात करते हैं।
190,It appears that he is honest.,वह ईमानदार लगता है।
191,You should hand in your report to me Monday.,तुम्हे अपनी रिपोर्ट मुझे सोमवार को सौंप देनी चाहिए।
192,That is my book.,वह मेरा पुस्तक है।
193,It's up to me whether I kill you or let you live!,"तुम्हें जीने दूँ या मरने दूँ, यह मेरे ऊपर है।"
194,I drink coffee.,मैं कॉफ़ी पीता हूँ।
195,I had to decline his offer.,मुझे उसके प्रस्ताव को अस्वीकार करना पड़ा।
196,She reproached me for not answering the letter.,उसने मुझे चिट्ठी का जवाब न देने के लिए डाँटा।
197,This feels like silk.,यह रेशम जैसा लगता है।
198,This cloth is really smooth and silky.,यह कपड़ा बहुत रेशमी है।
199,Please keep your ludicrous accusations to yourself in future.,कृपया भविष्य में अपने बेतुके दोषारोपणों को अपने पास ही रखें।
200,She is dressed in white.,उसने सफ़ेद कपड़े पहने हुएँ हैं।
201,He is a jack of all trades.,वह हरफनमौला है।
202,A thick mist covered the countryside.,गाँव पर गहरा कोहरा छा गया।
203,Don't deceive him.,उसे धोका मत दो।
204,The haze enveloped London.,लंदन में धुंध छा गई थी।
205,Will you make room for me?,मेरे लिए थोड़ी जगह बनाओगे क्या?
206,She is a wealthy woman.,वह बहुत पैसेवाली औरत है।
207,"Well, I must be going.",मुझे चलना चाहिए।
208,My orders should be carried out.,मेरे हुक्म की तामील की जाय।
209,You're a life saver.,तुमने मेरी जान बचाली।
210,We rested for a while.,हमने थोड़ी देर आराम किया।
211,I cover twenty miles a day.,मैं रोज़ बीस मील चलता हूँ।
212,I was in London last month.,मैं पिछले महीने लंदन में था।
213,He is indifferent to what he eats.,उसे उसके खाने से फ़र्क नहीं पड़ता।
214,It's an answer to her letter.,यह उसकी चिट्ठी का जवाब है।
215,When did he come back from Osaka?,वह ओसाका से वापस कब आया?
216,"""What shall I do?"" I said to myself.","""क्या करूँ?"" मैंने अपने-आप से पूछा।"
217,"Talking is one thing, doing is another.",बोलने और करने में फ़र्क होता है।
218,"He has two brothers, one lives in Osaka and the other in Kobe.","उसके दो भाई हैं, एक ओसाका में रहता है और दूसरा कोबे में।"
219,My family is small.,मेरा परिवार छोटा है।
220,China is a large country.,चीन बड़ा देश है।
221,"She is a vivid, playful and fiery girl.","वह शोख, चंचल और तेज तर्रार लडकी है।"
222,Could I please use your phone?,मैं आपका फ़ोन इस्तेमाल कर सकता हूँ क्या?
223,I want shelter.,मुझे पनाह चाहिए!
224,It's your turn. Please come this way.,तुम्हारी बारी है। इस तरफ़ आओ।
225,He was accused of murder.,उसपर कत्ल का इलज़ाम लगाया गया।
226,"I don't know how, but Tom did it.",पता नहीं कैसे पर टॉम ने कर दिया।
227,We are with you your whole life.,हम आजीवन आपके साथ है।
228,She always tries something new.,वह हमेशा कोई नया काम आज़माती रहती है।
229,Where did you go?,तुम कहाँ गए थे?
230,An educated/literate arrogant person got into a boat.,एक पढ़ा-लिखा दंभी व्यक्ति नाव में सवार हुआ।
231,I don't know what Tom knows.,मुझे नहीं पता कि टॉम को क्या पता है।
232,It was very difficult.,यह बहुत मुश्किल था।
233,She's in the garden planting roses.,"वह बगीचे में है, गुलाब के फूल लगा रही है।"
234,I don't know what they know.,मुझे नहीं पता कि उन्हें क्या पता है।
235,This book contains many pictures.,इस किताब में बहुत सारी तस्वीरें हैं।
236,They abandoned the sinking ship.,उन्होंने डूबते हुए जहाज़ को छोड़ दिया।
237,The old man sat in the chair with his eyes closed.,वह बूढ़ा आदमी आँखें बंद करके कुरसी में बैठा था।
238,He is one of my neighbors.,वह मेरे पड़ोसियों में से एक है।
239,It is difficult for me.,वह मेरे लिए मुश्किल है।
240,How long did it take you to translate this book?,तुम्हे इस किताब का अनुवाद करने में कितना समय लगा?
241,The company gave him a gold watch in acknowledgement of his services.,कम्पनी ने उसकी सेवाओं की पहचान में उसे सोनी की घड़ी दी।
242,The man lost all hope.,उस आदमी ने सारी उम्मीद छोड़दी।
243,He looked back and smiled at me.,उसने पीछे मुड़कर मुझपर मुस्कुराया।
244,The sky clouded over.,आसमान बादल-बादल हो गया।
245,The man committed murder.,उस आदमी ने कत्ल किया।
246,The doctor advised that she take a holiday.,डॉक्टर ने उसको छुट्टी लेने की सलाह दी।
247,I heard someone call my name from behind.,मैंने किसी को पीछे से मेरे नाम पुकारते हुए सुना।
248,It's important for them to go out.,उनके लिए बाहर जाना बहुत ज़रूरी है।
249,Write back to me as soon as you get this letter.,तुम्हें जैसे ही यह पत्र मिले मुझे लिखकर जवाब देना।
250,I'm disappointed with you.,मैं तुमसे निराश हूँ।
251,I like the dog.,मुझे यह कुत्ता अच्छा लगता है।
252,He's always running short of cash.,उसको हमेशा पैसों की कमी होती है।
253,They dug here and there for treasure.,उन्होंने ख़ज़ाना ढूँढने के लिए यहाँ-वहाँ खोदा।
254,But you've never told me about this!,पर तुमने मुझे यह पहले कभी बताया नहीं था!
255,We may not win tomorrow.,हम कल शायद नहीं जीतेंगे।
256,Let's get together here once a week.,हमे यहाँ हफ़्ते में एक बार मिलना चाहिए।
257,"The password is ""Muiriel"".","कूटशब्द ""Muriel"" है।"
258,"Believe it or not, she has three children.","मानो या न मानो, उसके तीन बच्चे हैं।"
259,Come if you can.,आ सको तो आना।
260,Burj Khalifa is currently the tallest skyscraper in the world.,अभी तक बुर्ज खलीफा दुनिया की सबसे लम्बी इमारत है।
261,This is a book often read by adults.,इस किताब को अक्सर वयस्क पढ़ा करते हैं।
262,"This is what we call ""tempura"".","इसी को हम ""तेम्पुरा"" कहते हैं।"
263,She could not understand the whole story.,वह पूरी कहानी को नहीं समझ पायी ।
264,Are you able to read the book attentively?,कया तुम ध्यान से किताब पाढ़ सकते हो ?
265,"In the past, people used to travel by a diligence.",पुराने ज़माने में लोग परिश्रम से सफ़र करते थे
266,Once upon a time they used to travel by a diligence.,एक समय वे सफ़र करने में परिश्रम करते थे
267,This work is simple enough that even a child can do it.,यह काम इतना सरल है की कोई बच्चा भी इसे कर सकता है।
268,You are a very good artist.,आप एक अच्छे कलाकार है
269,I have a dictionary.,मेरे पास एक शब्दकोश है।
270,The film should have already started.,फ़िल्म शुरू हो चुकी होगी।
271,That food is so bad that I wouldn't dream of eating it.,वह खाना ऐसा बुरा है कि मैं उसको भूलकर भी नहीं खाना चाहती हूँ।
272,I didn't know you were so rich.,मुझे नहीं पता था कि आप इतने अमीर हैं।
273,He is always joking.,वह हर वक़्त मज़ाक करता रहता है।
274,Closing your eyes helps you think better.,"आँखों को झुकाएं, ख़यालात को बुलंद करें..."
275,There are four rooms in my house.,मेरे घर में चार कमरे हैं।
276,Some people don't know about that.,कुछ आदमियों को वह पता नहीं है।
277,I am responsible for this mistake.,इस ग़लती के लिए मैं ज़िम्मेदार हूँ।
278,The police arrested the man who had murdered the girl.,पुलिस ने उस लड़की के क़ातिल को हरासत में ले लिया।
279,I go to school by subway.,मैं मेट्रो लेकर स्कूल जाती हूँ।
280,In order to stay awake I may have to drink more coffee.,मुझे जगे रहने के लिए शायद और कॉफ़ी पीनी पड़ेगी।
281,He comes to meet me sometimes.,वह कभी-कभार मुझसे मिलने आता है।
282,Someone robbed Mary of her money.,किसी ने मेरी से उसके पैसे चुरा लिए।
283,He earns more money than he can spend.,वह ज़रूरत से ज़्यादा पैसे कमाता है।
284,I have been to Kyoto.,मैं क्योटो गया हुआ हूँ।
285,You must not be afraid of making mistakes when learning a language.,कोई भी नई भाषा सीखने में ग़लतियों से डरना नहीं चहिए।
286,Is there a cafe?,यहाँ कैफ़े है क्या?
287,Mayuko can ride a bicycle.,मायुको साईकल चला सकती है।
288,I truly loved her.,मैं उससे सच्चा प्यार करता था।
289,All the flowers in the garden died for lack of water.,बाग के सारे फूल पानी की कमी की वजह से मर गए।
290,The flowers have all withered.,सारे फूल मुरझा गए हैं।
291,I will come back to Canada tomorrow.,मैं कल कनाडा वापस आऊँगा।
292,"If I had known her address, I would have written to her.","अगर मुझे उसका पता पता होता, तो मैंने उसे चिट्ठी लिखी हुई होती।"
293,"By the way, have you ever been to Hokkaido?","वैसे, तुम कभी होक्काईदो गई हुई हो क्या?"
294,I don't know if she will come.,मुझे नहीं पता कि वह आएगी कि नहीं।
295,I don't know who wrote this letter.,मुझे नहीं पता कि यह चिट्ठी किसने लिखी है।
296,Please throw the ball.,गेंद फेंकिए।
297,Africa was once called the Dark Continent.,अफ़्रीका को एक समय में अंधेर महाद्वीप बुलाया जाता था।
298,I will get through with my homework before he comes.,मैं उसके आने से पहले अपना होमवर्क खतम कर लूँगा।
299,I will go to America tomorrow.,मैं कल अमेरिका जाऊँगी।
300,He is an actor.,वह अभिनेता है।
301,I like maths.,मुझे गणित पसंद है।
302,I accompanied him on the trip.,मैं सफ़र पर उसके साथ गया।
303,I go to school on foot.,मैं स्कूल चलकर जाती हूँ।
304,Your bicycle is similar to mine.,तुम्हारी साईकल मेरी साईकल जैसी है।
305,Are you younger than him?,तुम उससे छोटे हो क्या?
306,My jeans shrank in the wash.,मेरी जीन्स पैंट धुलाई में सिकुड़ गई।
307,We were startled at the explosion.,हम धमाके से डर गए।
308,But they will come here tomorrow.,पर वे कल यहाँ आएँगे।
309,"""Where do you live?"" ""I live in Tokyo.""","""आप कहाँ रहते हैं?"" ""मैं टोक्यो में रहता हूँ"""
310,Did he tell you anything?,उसने तुम्हें कुछ बताया क्या?
311,No sooner had Helen come home than she fell sick.,हेलेन घर आते ही बीमार पड़ गई।
312,He is anxious about the result.,वह नतीजे के लिए बेचैन है।
313,It was hard for me to refuse his request.,"मेरे लिए उससे ""ना"" कहना बहुत मुश्किल था।"
314,He has been to London three times.,वह लंदन तीन बार जा चुका है।
315,The doctor bound my wounds.,डॉक्टर ने मेरी चोटों पर पट्टी लगाई।
316,I don't want your pity.,मुझे तुम्हारी दया नहीं चहिए।
317,I have no idea how he escaped.,मुझे नहीं पता वह कैसे निकल भागा।
318,She reminds me very much of her mother.,वह मुझे उसकी माँ की याद दिलाती है।
319,Man is 70% water.,आदमी सत्तर प्रतिशत पानी का बना हुआ है।
320,Workers must have their hair cut short.,कर्मचारियों को अपने बाल छोटे कटाने होते हैं।
321,I caught a glimpse of her.,मुझे उसकी झलक दिखाई दी।
322,Everything is all right at home.,घर में सब-कुछ ठीक है।
323,I don't feel like eating now.,मुझे अभी खाना खाने का मन नहीं है।
324,I haven't had a chance to see the movie yet.,मुझे अभी तक उस फ़िल्म को देखने का मौका नहीं मिला है।
325,The reason which he gave is hard to understand.,उसके दिए गए कारण को समझना मुश्किल है।
326,"We had no customers, so we shut the shop early.","हमारे पास ग्राहक नहीं थे, तो हमने दुकान जल्दी बंद करदी।"
327,They stood face to face.,वे आमने-सामने खड़े हुए।
328,Hunger drove him to steal.,भूख ने उसे चोरी करने पर मजबूर किया।
329,He works on the farm from morning till night.,वह खेत पर सुबह से शाम तक काम करता है।
330,It will not make much difference whether you go today or tomorrow.,"तुम आज जाओ या कल, इससे ज़्यादा फ़र्क नहीं पड़ेगा।"
331,"This rule applies to you, too.",यह नियम तुमपर भी लागु होता है।
332,They gathered in the gym.,वे सब जिमखाने में मिले।
333,To go out half-naked is shameful.,अधनंगे बाहर जाना बहुत शर्मदार होता है।
334,"Can I have the key now, please?",मुझे अब चाबी मिल सकती है क्या?
335,He came singing a song.,वह गाना गाते हुए आया।
336,Can you tell me when to switch the machine off?,क्या मुझे बता सकते हो कि मशीन को कब बंद करना है?
337,I am tired of my work.,मैं अपने काम से थक चुका हूँ।
338,We often make mistakes.,हम अक्सर ग़लतियाँ कर बैठते हैं।
339,Not all birds can fly.,सारे पंछी उड़ नहीं सकते।
340,"If I had wings, I would fly to you.",अगर मेरे पास पंख होते तो मैं उड़कर तुम्हारे पास चला आता।
341,This problem is hard to solve.,इस समस्या को सुलझाना बहुत कठिन है।
342,It is a difficult problem.,यह समस्या बहुत कठिन है।
343,What are their rights?,क्या है उनके अधिकार?
344,He always drinks black coffee.,वह हमेशा काली काफ़ी पीता है।
345,He took advantage of my youth.,उसने मेरे जवान होने का फ़ायदा उठाया।
346,All human beings are born free and equal in dignity and rights. They are endowed with reason and conscience and should act towards one another in a spirit of brotherhood.,तमाम इनसान आज़ाद और हुकू़क़ और इज़्ज़त के इतिबार से बराबर पैदा हुए हैं। इन्हें ज़मीर और अक़ल वदीयत हुई हैं। इसलिए इन्हें एक दूसरे के साथ भाईचारे का सुलूक करना चाहीए।
347,I'll go to Hokkaido next month with my friend.,मैं अगले महीने मेरे दोस्त के साथ होक्काइदो जाउँगी।
348,I know that you don't want to talk to me.,मुझे मालूम है आप मेरे साथ बात नहीं करना चाहते।
349,Tom's the last person I would've expected to have a heart attack.,मैंने कभी न सोचा था कि टॉम को दिल का दौरा पड़ जाएगा |
350,Tom works for a small company.,टॉम एक छोटी कंपनी के लिए काम करता है |
351,"The truth is, I don't have any problem with it.",सच्ची बात तो यह है कि मुझे कोई परवाह नहीं।
352,This place gives me the creeps.,यह स्थान मुझे बेहद भयानक लगता है |
353,Tom slowly retreated.,टॉम धीरे-धीरे पीछे हटा |
354,Let go of the bottle.,बोतल छोड़।
355,I was ready for Tom.,मैं टॉम के लिये तैयार था।
356,Will you still be here when I get back?,मेरे लौटने पर क्या तुम यहाँ होगे?
357,Where did you send Tom?,तुम ने टॉम को कहाँ भेजा?
358,Who listens to Tom?,टॉम की कौन सुनता है?
359,They begin beating Tom.,वे टॉम को पीटने लगे।
360,They're afraid of Tom.,वे टॉम से डरते हैं।
361,Now it's your turn.,अब तुम्हारी बारी है।
362,They're waiting for us.,वे हमारे लिये रुके हैं।
363,There are three of us.,हम तीन हैं।
364,I am an astrologer.,मैं ज्योत्षी हूँ |
365,Let me do it my way.,मुझे अपने तरीके से करने दीजिए।
366,It's been three days.,तीन दिन हो गए हैं।
367,It isn't much further.,ज़्यादा दूर नहीं है।
368,It's for your own good.,तुम्हारे ही भले के लिये है।
369,It's not real money.,असली पैसा नहीं है।
370,It's still not working.,अभी भी काम नहीं कर रहा है।
371,Thanks for last night.,कल रात के लिये शुक्रिया।
372,Tom must be so scared.,टॉम कितना डरा हुआ होगा।
373,I ate too much yesterday.,मैंने कल कुछ ज़्यादा ही खा लिया।
374,I ate too much today.,मैंने आज कुछ ज़्यादा ही खा लिया।
375,I am not Mongolian.,मैं मंगोलीयाई नहीं हूँ।
376,I don't know what's going on around here.,पता नहीं यहाँ क्या चल रहा है।
377,Tom said very little.,टॉम बहुत कम बोला।
378,Even men sometimes cry.,मर्द भी कभी-कबार रोते हैं।
379,It's a joke.,मज़ाक है।
380,Is this Tom's?,टॉम का है?
381,I don't let my kids watch TV.,मैं अपने बच्चों को टीवी नहीं देखने देता।
382,Tom is not as fat as me.,टॉम मेरे जितना मोटा नहीं है।
383,They can't see you.,वे तुम्हें देख नहीं सकते।
384,Tom isn't even here yet.,टॉम तो यहाँ अभी तक आया भी नहीं है।
385,I didn't know Tom last year.,पिछले साल मैं टॉम को जानता नहीं था।
386,Tom is headed this way.,टॉम इस तरफ़ आ रहा है।
387,They're afraid of us.,वे हम से डरते हैं।
388,Tom is just like us.,टॉम बिलकुल हमारी तरह है।
389,They're lying to us.,वे हम से झूठ बोल रहे हैं।
390,Tom has lied to us.,टॉम ने हम से झूठ बोला है।
391,Why are you working for Tom?,तुम टॉम के लिये क्यों काम कर रहे हो?
392,What'll Tom do tomorrow?,टॉम कल क्या करेगा?
393,They never caught Tom.,उन्होंने टॉम को कभी पकड़ा नहीं।
394,I forgave Tom.,मैंने टॉम को माफ़ किया।
395,How crazy is Tom?,टॉम कितना पागल है?
396,They can't see Tom.,वे टॉम को नहीं देख सकते।
397,"Hey, what's this?",अरे! यह क्या है?
398,"Hey, what's that?",अरे! वह क्या है?
399,Make each day your masterpiece.,अपने प्रत्येक दिन को सर्वोत्कृष्ट बनाएं।
400,Tom isn't going to sing.,टॉम गाने वाला नहीं है।
401,Tom came into the room.,टॉम कमरे में आया।
402,It is better to die on your feet than to live on your knees.,डर के जीने की तुलना में तो मर जाना ही बेहतर है।
403,Tom is our best pilot.,टॉम हमारा सबसे अच्छा पाइलट है।
404,Tom did it all.,टॉम ने सभ कुछ किया।
405,"The way I see it, if you want the rainbow, you gotta put up with the rain.","मेरे विचार से यदि आप इन्द्रधनुष चाहते हैं, तो आपको वर्षा को सहना होगा।"
406,Each member has to pay a membership fee.,हर सदस्य को सदस्यता शुल्क भरना होगा।
407,The best dreams happen when you're awake.,"जब आप जागृत अवस्था में होते हैं, तो ही सर्वश्रेष्ठ स्वप्नों का सृजन होता है."
408,He is awake.,वह जाग रहे हैं।
409,A baby is God's opinion that the world should go on.,नन्हे शिशु के जन्म का अर्थ है कि भगवान यह चाहते हैं कि यह दुनिया बनी रहे।
410,Tell my father that I've arrived.,अपने पिता को मेरे आने का पैग़ाम दें।
411,Worthless people live only to eat and drink.,निकम्मे लोग सिर्फ खाने पीने के लिए जीते हैं।
412,A lot's happened while you've been away.,आपकी अनुपस्तिथि में बहुत कुछ हो चुका है |
413,We don't do anything.,हम कुछ नहीं करते।
414,"Anger is never without a reason, but seldom with a good one.","क्रोध कभी भी बिना कारण नहीं होता, लेकिन कदाचित ही यह कारण सार्थक होता है।"
415,How did you know Tom wasn't going to like it?,आपको कैसे पता था टॉम उसको नापसंद करेगा?
416,An investment in knowledge pays the best interest.,ज्ञान में पूंजी लगाने से सर्वाधिक ब्याज मिलता है।
417,Where do you think we should pitch our tent?,आपके विचार में हमें अपना तम्बू कहाँ गाड़ना चाहिए?
418,"We should not fret for what is past, nor should we be anxious about the future; men of discernment deal only with the present moment.",हमें न अतीत पर कुढ़ना चाहिए और न ही हमें भविष्य के बारे में चिंतित होना चाहिए; विवेकी व्यक्ति केवल वर्तमान क्षण में ही जीते हैं।
419,"A man is great by deeds, not by birth.","“व्यक्ति कर्मों से महान बनता है, जन्म से नहीं।"
420,You cannot shake hands with a clenched fist.,आप भींची मुट्ठी से हाथ नहीं मिला सकते।
421,"Since happiness doesn't exist, we have to strive to be happy without it.","क्योंकि ख़ुशी का कोई अस्तित्व नहीं है, हमें उसके बिना खुश रहने का प्रयत्न करना चाहिए |"
422,"Forgive your enemies, but never forget their names.","अपने दुश्मनों को माफ कर दें, लेकिन उनके नाम कभी न भूलें।"
423,What are you cooking today?,आज आप क्या पका रहे हैं?
424,People who work sincerely are the happiest.,निष्ठा से काम करने वाले ही सबसे सुखी हैं।
425,Adopt the pace of nature: her secret is patience.,प्रकृति की गति अपनाएं: उसका रहस्य है धीरज।
426,I don't need a friend who changes when I change and who nods when I nod; my shadow does that much better.,मुझे ऐसे मित्र की आवश्यकता नहीं जो मेरे साथ-साथ बदले और मेरी हां में हां भरे; ऐसा तो मेरी परछाई कहीं बेहतर कर लेती है।
427,The power to question is the basis of all human progress.,प्रश्न कर पाने की क्षमता ही मानव प्रगति का आधार है.
428,"If you love somebody, let them go, for if they return, they were always yours. And if they don't, they never were.","जिनसे प्रेम करते हैं, उन्हें जाने दें, वे यदि लौट आते हैं तो वे सदा के लिए आपके हैं। और अगर नहीं लौटते हैं तो वे कभी आपके थे ही नहीं।"
429,Education's purpose is to replace an empty mind with an open one.,शिक्षा का ध्येय है एक खाली दिमाग को खुले दिमाग में बदलना।
430,Every man dies. Not every man really lives.,हर इंसान मरता है। लेकिन कोई एक ही जीता है।
431,All life is an experiment.,पूरा जीवन एक प्रयोग है।
432,From your parents you learn love and laughter and how to put one foot before the other.,अपने माता पिता से आप प्रेम और हंसी सीखते हैं और पांव पांव चलना भी।
433,"Some people, no matter how old they get, never lose their beauty.","कुछ लोग, चाहे जितने बूढ़े हो जाएं, उन की सुंदरता नहीं मिटती।"
434,Very often a change of self is needed more than a change of scene.,बहुधा वातावरण में परिवर्तन से कहीं अधिक व्यक्ति के भीतर ही बदलाव की ज़रूरत होती है।
435,You can't have everything. Where would you put it?,आप को सब कुछ नहीं मिल सकता। आप इसे रखेंगे कहां?
436,"Good thoughts bear good fruit, bad thoughts bear bad fruit.",सुविचरों से सुफल उपजते हैं और कुविचारों से कुफल।
437,"When it comes to staying young, a mind-lift beats a face-lift any day.","सदा जवान रहने के लिए मुख का सौंदर्य नहीं, मस्तिष्क की उड़ान ज़रूरी है।"
438,Play is really the work of childhood.,खेल ही वास्तव में बचपन का काम है।
439,Simplicity is making the journey of this life with just baggage enough.,सादगी का मतलब है सीमित बोरिया बिस्तर के साथ ज़िंदगी का सफ़र तय करना।
440,She plays poker with them.,वह उनके साथ पोकर खेलती है।
441,You can close your eyes to reality but not to memories.,"आप वास्तविकता से अपनी आंखे मूंद सकते हैं, मगर स्मृतियों से नहीं।"
442,Red is better.,लाल बेहतर है।
443,"When you betray somebody else, you also betray yourself.",आप किसी व्यक्ति को धोखा देते हैं तो आप अपने आप को भी धोखा देते हैं।
444,I like red roses.,मुझे लाल गुलाब पसंद हैं।
445,I wanted red shoes.,मुझे जूते चाहिए थे।
446,You're not even listening.,तुम तो सुन भी नहीं रहे हो।
447,It doesn't hurt to be optimistic. You can always cry later.,आशावादी होने में क्या कष्ट है? रो तो कभी भी सकते हैं।
448,Loneliness is the ultimate poverty.,अकेलापन निर्धनता की पराकाष्ठा है।
449,The sun is red.,सूरज लाल है।
450,All apples are red.,सभी सेब लाल होते हैं।
451,Tom never wears red.,टॉम कभी भी लाल कपड़े नहीं पहनता।
452,His eyes are red.,उसकी आँखें लाल हैं।
453,Your lips are red.,तुम्हारे होंठ लाल हैं।
454,"If you want a place in the sun, you've got to put up with a few blisters.",आप आराम की ज़िंदगी चाहते हैं तो आप को कुछ परेशानी तो उठानी ही होगी।
455,There can be no daily democracy without daily citizenship.,नागरिकता के दैनिक व्यवहार के बिना लोकतंत्र का दैनिक निर्वाह हो ही नहीं सकता।
456,She's wearing red.,उसने लाल कपड़े पहने हैं।
457,My car is red.,मेरी गाड़ी लाल रंग की है।
458,Your blood is red.,तुम्हारा ख़ून लाल रंग का है।
459,The flower is red.,फूल लाल है।
460,What we are seeking so frantically elsewhere may turn out to be the horse we have been riding all along.,हम जिस चीज़ की तलाश कहीं और कर रहे होते हैं वह हो सकता है कि हमारे पास ही हो।
461,She chose the red dress.,उसने लाल ड्रेस चुनी।
462,Never hesitate to hold out your hand.,अपना हाथ आगे बढ़ाने से कभी मत हिचकिए।
463,It's a strip club for women.,महिलाओं के लिये स्ट्रिप क्लब है।
464,Pat stripped off his clothes and dived in.,पॅट ने अपने कपड़े उतार दिये और ग़ोता लगाया।
465,Never hesitate to accept the outstretched hand of another.,दूसरे का आगे बढ़ा हाथ थामने से भी कभी मत हिचकिए।
466,Tom stripped off his dirty clothes and threw them into the washing machine.,टॉम ने अपने गंदे कपड़े उतार दिये और उन्हें वॉशिंग मशीन में डाल दिया।
467,Mary stripped off her clothes.,मैरी ने अपने कपड़े उतार दिये।
468,The purest affection the heart can hold is the honest love of a nine-year-old.,मन जो स्नेह संजो सकता है उन में से सबसे पवित्र है किसी नौ वर्षीय का निश्छल प्रेम।
469,His little sister is fuckable.,उसकी छोटी बहन चोदने लायक है।
470,"Happiness, I have discovered, is nearly always a rebound from hard work.",मैंने पाया है कि सुख लगभग हर बार कठोर श्रम की प्रतिक्रिया ही होता है।
471,Friends are those rare people who ask how we are and then wait to hear the answer.,मित्र वे दुर्लभ लोग होते हैं जो हमारा हालचाल पूछते हैं और उत्तर सुनने को रुकते भी हैं।
472,I fucked lots of friends.,मैंने कई दोस्तों को चोदा।
473,True affluence is to not need anything.,किसी चीज़ की आवश्यकता न रह जाने की स्थिति ही सच्ची समृद्धि है।
474,Their efforts to curtail spending didn't quite succeed.,उनके खर्च घटाने के प्रयास ज़्यादा सफल नहीं हुए।
475,I was with him in January.,जनवरी में मैं उनके साथ था।
476,"The secret to staying young is to live honestly, eat slowly, and lie about your age.","युवा बने रहने का रहस्य है ईमानदारी से जीना, धीरे धीरे खाना और अपनी उम्र जाहिर न करना।"
477,Cut the bullshit!,बकवास बंद कर!
478,Now and then it's good to pause in our pursuit of happiness and just be happy.,कभी कभार सुख के पीछे भागना छोड़ कर बस सुखी होना भी एक अच्छी बात है।
479,To carry care to bed is to sleep with a pack on your back.,चिंताएं ले कर बिस्तर पर जाना अपनी पीठ पर गठरी ले कर सोने के समान है।
480,Ninety-nine percent of all failures come from people who have the habit of making excuses.,असफल व्यक्तियों में से निन्यानवे प्रतिशत वे लोग होते हैं जिन की आदत बहाने बनाने की होती है।
481,Love is a game that two can play and both win.,प्यार एक ऐसा खेल है जिसे दो व्यक्ति खेल सकते हैं और जिस में दोनों ही जीतते हैं।
482,Humor is the affectionate communication of insight.,अंतर्दृष्टि का स्नेहमय संवाद है हास्य।
483,The clock is slow.,यह घड़ी धीरे चलती है।
484,It is horrifying that we have to fight our own government to save the environment.,“कितनी भयावह बात है कि हमें पर्यावरण की रक्षा के लिए अपनी ही सरकार से संघर्ष करना पड़ता है।
485,Integrity has no need of rules.,ईमानदारी किसी कायदे कानून की मोहताज़ नहीं होती।
486,My favourite movie is Fellini's Satyricon.,मेरी पसंदीदा फ़िल्म है फ़ेल्लीनी की सॅटाइरिकॉन।
487,We never know the love of a parent till we become parents ourselves.,"हम जब तक खुद मां बाप नहीं बन जाएं, मां बाप का प्यार कभी नहीं जान पाते।"
488,I may not agree with what you say.,हो सकता है कि मैं आपके विचारों से सहमत न हो पाऊँ
489,One kind word can warm three winter months.,एक मीठा बोल सर्दी के तीन महीनों को ऊष्मा दे सकता है।
490,Tom was at home alone.,टॉम घर पर अकेला था।
491,I like the dreams of the future better than the history of the past.,मुझे तो अतीत के इतिहास से कहीं अच्छे लगते हैं भविष्य के सपने।
492,What would life be if we had no courage to attempt anything?,जीवन का अर्थ ही क्या रह जाएगा यदि हम में सतत प्रयत्न करने का साहस न रहे।
493,What's your favorite food?,तुम्हारा सबसे पसंदीता खाना कौनसा है?
494,Our class consists of fifty boys.,हमारी क्लास में पचास लड़के हैं।
495,"It is not the man who has too little, but the man who craves more, that is poor.",वह व्यक्ति ग़रीब नहीं है जिस के पास थोड़ा बहुत ही है। ग़रीब तो वह है जो ज़्यादा के लिए मरा जा रहा है।
496,Petrol is no longer a cheap fuel.,ईंधनों में पेट्रोल भी अब सस्ता नहीं रहा।
497,"Who are you, anyway?",वैसे तुम हो कौन?
498,Drop me a line when you are in trouble.,अगर कोई भी दिक्कत हो तो मुझसे कहना।
499,There are a lot of horses in my neighbourhood.,मेरे मोहल्ले में बहुत सारे लोग हैं।
500,Ten years is a long time.,दस साल बहुत लम्बा समय होता है।
501,Having unprotected sex is dangerous.,असुरक्षित सेक्स खतरनाक होता है।
502,Crows are black.,कौवे काले होते हैं।
503,Anyone could do that.,वह तो कोई भी कर सकता है।
504,She is five years old.,वह पाँच साल की है।
505,Tom is my friend.,टॉम मेरा दोस्त है।
506,Sex is important to me.,सेक्स मेरे लिये महत्त्वपूर्ण है।
507,The depredations of human hunters are thought to have been the key factor that pushed many species to extinction.,ऐसा माना जाता है कि मानव शिकारियों द्वारा की गई लूटमार ही अनेक प्रजातियों के लुप्त होने का बड़ा कारण है।
508,The poet wrote many poems.,उस कवि ने बहुत सारी कविताएं लिखीं थीं।
509,Do you want to go to Germany with me?,क्या तुम मेरे साथ जर्मनी जाना चाहती हो?
510,I ran away in a hurry.,मैं हड़बड़ी में दौड़ गया।
511,Which is the best hotel in the town?,शहर में सबसे अच्छा होटल कौन सा है?
512,He came to London to study English.,वह अंग्रेज़ी की पढ़ाई लंदन आया।
513,Fire is very dangerous.,आग बहुत खतरनाक होती है।
514,I cannot touch fire.,मैं आग को हाथ नहीं लगा सकता।
515,Come near the fire.,आग के पास आओ।
516,Tom needed water.,टॉम को पानी की ज़रूरत थी।
517,Tom needs water.,टॉम को पानी की ज़रूरत है।
518,We need water.,हमें पानी की ज़रूरत है।
519,I need water.,मुझे पानी की ज़रूरत है।
520,The question was much discussed.,इस सवाल पर बहुत बात-चीत हुई थी।
521,I drink water.,मैं पानी पीती हूँ।
522,You have water.,तुम्हारे पास पानी है।
523,I am pleased with the result.,मैं नतीजे से खुश हूँ।
524,Give me water.,मुझे पानी दो।
525,They named the dog Shiro.,उन्होंने कुत्ते का नाम 'शिरो' रखा।
526,Tom wants to come with us.,टॉम हमारे साथ आना चाहता है।
527,I want some water.,मुझे थोड़ा सा पानी चाहिए।
528,The Cold War began after World War Two.,शीतयुद्ध द्वितीय विश्वयुद्ध के बाद शुरू हुआ।
529,I only drink water.,मैं बस पानी पीता हूँ।
530,They want Tom.,उन्हें टॉम चाहिए।
531,How's the water?,पानी कैसा है?
532,The water was cold.,पानी ठंडा था।
533,The water is cold.,पानी ठंडा है।
534,You're wasting water.,तुम पानी बरबाद कर रहे हो।
535,We're wasting water.,हम पानी बरबाद कर रहे हैं।
536,Tom is getting water.,टॉम को पानी मिल रहा है।
537,The water was blue.,पानी नीला था।
538,I know that the opposition member might be wrong.,मैं जानता हूं कि विरोधी सदस्य गलत हो सकता है।
539,Are Osakans greedy?,क्या ओसाकावासी लालची होते हैं?
540,Watch your language.,ज़बान संभाल।
541,Are there enough chairs?,कुरसियाँ काफ़ी हैं क्या?
542,Culture destroys language.,संस्कृति भाषा का सर्वनाश करती है।
543,That's MY line!,वह तो मेरी लाईन है!
544,Because I want to be a translator.,क्योंकि मैं अनुवादक बनना चाहती हूँ।
545,I know your language.,मुझे तुम्हारी भाषा आती है।
546,I don't want to refute this outworn idea.,मैं उसके घिसे-पिटे विचार का खंडन नहीं करना चाहता हूं।
547,I'd like a Bloody Mary.,मुझे एक ब्लडी मेरी चाहिए।
548,I speak the Persian language.,मैं फ़ारसी भाषा बोलता हूँ।
549,English is an international language.,अंग्रेज़ी एक अंतर्राष्ट्रीय भाषा है।
550,Give me my sword.,मुझे मेरी तलवार दे दो।
551,How did you make it?,तुमने कैसे बनाया?
552,This mosque needs a new imam.,इस मस्जिद को एक नये इमाम की ज़रूरत है।
553,How many mosques are there in Istanbul?,इस्तांबुल में कितनी मस्जिदें हैं?
554,A river flows.,नदी बहती है।
555,She doesn't want kids.,उसे बच्चे नहीं चाहिए।
556,My husband is lazy.,मेरे पती आलसी हैं।
557,I love life because what more is there.,मैं जीवन से प्यार करता हूँ क्योंकि और है ही क्या।
558,You don't want to go there.,तुम वहाँ नहीं जाना चाहती।
559,Marriage is a covered dish.,विवाह एक ढका हुआ पकवान है।
560,They kept running.,वे दौड़ते रहे।
561,Friendship is certainly the finest balm for the pangs of disappointed love.,दोस्ती निस्संदेह रूप से निराश प्रेम की कसक के लिए उत्तम मरहम है।
562,"Hate the sin, love the sinner.","पाप से नफरत करो, पापी से प्यार."
563,He had found shortcomings in the repair.,उसने मरम्मत में कमियां पाई थीं।
564,An early-morning walk is a blessing for the whole day.,प्रातःकाल का भ्रमण पूरे दिन के लिए वरदान होता है।
565,The most solid stone in the structure is the lowest one in the foundation.,किसी भी नींव का सबसे मजबूत पत्थर सबसे निचला ही होता है।
566,It is better to risk saving a guilty man than to condemn an innocent one.,किसी निर्दोष को दंडित करने से बेहतर है एक दोषी व्यक्ति को बख़्श देने का जोख़िम उठाना।
567,Listen to Tom.,टॉम की सुनो।
568,Luck is a matter of preparation meeting opportunity.,भाग्य अवसर से संयोग की तैयारी भर है।
569,We cannot become what we need to be by remaining what we are.,हम जो हैं वही बने रहकर वह नहीं बन सकते जो कि हम बनना चाहते हैं।
570,There has never been an age that did not applaud the past and lament the present.,ऐसा कोई युग कभी नहीं रहा जिस में अतीत का गुणगान और वर्तमान पर विलाप न किया गया हो।
571,Take a chance! All life is a chance.,जोखिम उठाइये! पूरी जिंदगी एक जोखिम है।
572,The man who goes the furthest is generally the one who is willing to do and dare.,सब से आगे निकलने वाला व्यक्ति सामान्यतया वह होता है जो कर्म और दुस्साहस के लिए इच्छुक रहता है।
573,I will go.,मैं जाऊंगा।
574,"Skillful listening is the best remedy for loneliness, loquaciousness, and laryngitis.","कुशलतापूर्वक किसी की बात सुनना अकेलेपन, वाचालता और कंठशोथ का सब से बढ़िया इलाज है।"
575,What we are is God's gift to us. What we become is our gift to God.,"हम जो हैं वह हमें ईश्वर की देन है, हम जो बनते हैं वह परमेश्वर को हमारी देन है।"
576,"If you would thoroughly know anything, teach it to others.",आप किसी चीज़ का विशद ज्ञान हासिल करना चाहते हैं तो इसे दूसरों को सिखाने लगिए
577,Life is for one generation; a good name is forever.,"ज़िंदगी तो कुल एक पीढ़ी भर की होती है, पर नेक काम पीढ़ी दर पीढ़ी चलता है।"
578,"Almost everything you do will seem insignificant, but it is important that you do it.","आप का कोई भी काम महत्वहीन हो सकता है, किंतु महत्वपूर्ण तो यह है कि आप कुछ करें।"
579,"Until you make peace with who you are, you'll never be content with what you have.","आप जब तक अपनी हैसियत से समझौता नहीं कर लेते, आप के पास जो कुछ है उस से आप संतुष्ट नहीं रह सकेंगे।"
580,Put Tom to bed.,टॉम को सुलाओ।
581,"What soap is for the body, tears are for the soul.","शरीर के मामले में जो स्थान साबुन का है, वही आत्मा के संदर्भ में आंसू का।"
582,"No circumstance, no purpose, no law whatsoever can ever make licit an act which is intrinsically illicit.","कोई परिस्थिति, कोई उद्देश्य, किसी भी प्रकार का कोई कानून, किसी अंतर्निहित रूप से अवैध कार्य को कभी वैध नहीं बना सकता है।"
583,Isn't it strange that we talk least about the things we think about most?,है न यह अजीब बात कि हम उन चीज़ों के बारे में सब से कम बात करते हैं जिन के बारे में हम सब से अधिक सोचते हैं।
584,The Indian National Congress and the Bharatiya Janata Party are the most prominent political parties in India.,भारतीय राष्ट्रीय कांग्रेस और भारतीय जनता पार्टी भारत की सबसे प्रमुख राजनीतिक दल हैं।
585,Be like a postage stamp. Stick to one thing until you get there.,"डाक टिकट की तरह बनिए, मंजिल पर जब तक न पहुंच जाएं उसी चीज़ पर जमे रहिए।"
586,The most important sex organ is the brain.,सबसे महत्त्वपूर्ण यौन अंग होता है दिमाग।
587,Character is much easier kept than recovered.,"चरित्र को बनाए रखना आसान है, उस के भ्रष्ट हो जाने के बाद उसे सुधारना कठिन है।"
588,He who is fixed to a star does not change his mind.,जो व्यक्ति किसी तारे से बंधा होता है वह पीछे नहीं मुड़ता।
589,It was a dream.,सपना था।
590,To think too long about doing a thing often becomes its undoing.,किसी काम को करने के बारे में बहुत देर तक सोचते रहना अक़सर उस के बिगड़ जाने का कारण बनता है।
591,"Enjoy the little things, for one day you may look back and realize they were the big things.","छोटी छोटी बातों का आनंद उठाइए, क्योंकि हो सकता है कि किसी दिन आप मुड़ कर देखें तो आप को अनुभव हो कि ये तो बड़ी बातें थीं।"
592,The absence of alternatives clears the mind marvelously.,विकल्पों का न होना बुद्धि को बढ़िया ढंग से परिमार्जित कर देता है।
593,The one thing that doesn't abide by majority rule is a person's conscience.,एक ही चीज़ है जो बहुमत को नहीं मानती और वह है मनुष्य की अंतरात्मा।
594,Change your thoughts and you change your world.,"आप अपनी सोच बदल दीजिए, आपकी दुनिया बदल जाएगी।"
595,Tom will sing.,टॉम गाएगा।
596,One thought driven home is better than three left on base.,एक क्रियान्वित विचार तीन अधूरे विचारों से कहीं बेहतर है।
597,The old law about 'an eye for an eye' leaves everybody blind.,आँख के बदले आँख' के प्राचीन सिद्धान्त से तो एक दिन सभी अंधे हो जाएंगे।
598,Goals determine what you are going to be.,हमारे लक्ष्य निर्धारित करते हैं कि हम क्या बनने जा रहे हैं।
599,Do you want to have sex with me tonight?,क्या आप आज रात मेरे साथ सेक्स करना चाहतीं हैं?
600,Storms make trees take deeper roots.,तूफ़ानों से पेड़ों की जड़ें और गहरी व मज़बूत होती है।
601,Nothing happens unless first a dream.,कोई सपना देखे बिना कुछ नहीं होता।
602,I know both of the girls.,मैं दोनों लड़कीयों को जानता हूँ।
603,I like spending time with you.,मुझे तुम्हारे साथ वक़्त बिताना अच्छा लगता है।
604,"What's the matter, Mary? You can talk to me if you want.","क्या बात है, मैरी? चाहो तो तुम मुझ से बात कर सकती हो।"
605,I was only joking.,मैं तो बस मजाक कर रहा था।
606,I was just joking.,मैं तो बस मजाक कर रहा थी।
607,I didn't want to cry in front of him.,मुझे उसके सामने नहीं रोना था।
608,What school did you go to?,तुम कौनसे स्कूल गये थे?
609,She fell in love with one of her students.,उसे अपने एक विद्यार्थी से प्यार हो गया।
610,She didn't even say thanks.,उसने तो शुक्रिया तक नहीं कहा।
611,My family is very proud of me.,मेरे परिवार को मुझ पर बहुत गर्व है।
612,King Suleiman was known for his wisdom.,राजा सुलेमान अपनी बुद्धी के लिये जाने जाते थे।
613,One of them is probably lying.,उनमें से एक शायद झूठ बोल रहा है।
614,Only 5 million people live in Norway.,नॉर्वे में बस ५० लाख लोग रहते हैं।
615,I've been given until tomorrow to finish this.,मुझे ये कल तक खतम करना है ।
616,"If Tom doesn't help us, we'll never be able to finish this on time.",अगर टॉम हमारी मदद नहीं करेगा तो हम ये समय पर कभी नहीं कर पायेंगे।
617,It took me a while to find Tom.,मुझे टॉम को ढूँढने में समय लग गया।
618,It shouldn't take long to find Tom.,टॉम को ढूँढने में समय नहीं लगना चाहिए।
619,Contraception is cheaper than pregnancy.,गर्भ-निरोध गर्भावस्था से सस्ता होता है।
620,Philae's landing site was named Agilkia.,फिले के लैंडिंग स्थल का नाम आगिल्किआ रखा गया।
621,What is the poorest country in the European Union?,यूरोपीय संघ में सबसे गरीब देश कौन सा है?
622,I'm older than you. You have to listen to me.,मैं तुम से बड़ा हूँ। तुम्हें मेरी सुननी चाहिए।
623,Laika died when Sputnik 2 burned out in the atmosphere.,स्पुट्निक २ वातावरण में जल जाने पर लाइका की मौत हो गयी।
624,Rosetta was built by the European Space Agency.,रोज़ेटा यूरोपीय अंतरिक्ष एजेंसी ने बनाया था।
625,Rosetta will try to land on a comet in a few hours.,रोज़ेटा कुछ ही घंटों में एक धूमकेतु पर लैंड करने की कोशिश करेगा।
626,It'll only take a minute.,बस एक मिनट ही तो लगेगा।
627,It will only take a minute.,बस एक मिनट लगेगा।
628,I want a blanket.,मुझे एक कंबल चाहिए।
629,The world population reached one billion for the first time in 1804.,दुनिया की लोकसंख्या १८०४ में पहली बार एक अरब तक पहुँच गयी।
630,Tom plays the xylophone.,टॉम सिलाफ़न बजाता है।
631,The sun will become a red giant in about 5 billion years.,५ अरब सालों में सूर्य एक लाल दानव तारा बन जाएगा।
632,Why did you marry him?,तुम ने उससे शादी क्यों की?
633,This vampire works for a blood bank.,यह पिशाच एक रक्त बैंक के लिये काम करता है।
634,This file is encrypted.,यह फाइल एन्क्रिप्टेड है।
635,How did you get caught?,तुम पकड़े कैसे गये?
636,Are you guys all right?,तुम लोग ठीक हो?
637,You're not stupid at all.,तुम बिलकुल भी बेवकूफ नहीं हो।
638,Lava is dangerous.,लावा खतरनाक होता है।
639,What did he say to you?,उसने तुम से क्या कहाँ?
640,Salt is used to melt snow.,नमक का उपयोग बर्फ पिघलाने में किया जाता है।
641,Almost all humans wear clothes.,लगभग सभी इनसान कपड़े पहनते हैं।
642,This screw is made in China.,यह स्क्रू चीन में बना है।
643,This plastic squirrel was made in China.,यह प्लास्टिक की गिलहरी चीन में बनी है।
644,I have a date with Tom tonight.,मेरी आज रात टॉम के साथ डेट है।
645,I have a date with her tonight.,मेरी उसके साथ आज रात डेट है।
646,Sean Connery is a Scottish actor.,शॉन कॉनरी एक स्काटिश अभिनेता हैं।
647,I don't have time to talk.,मुझे बात करने के लिये वक़्त नहीं है।
648,I want a parrot.,मुझे एक तोता चाहिए।
649,This parrot has green feathers.,इस तोते के हरे पर हैं।
650,Why is life so difficult?,ज़िंदगी इतनी मुश्किल क्यों होती है?
651,Why is love so difficult?,प्यार इतना मुश्किल क्यों होता है?
652,Chiqui is a good parrot.,चिकी अच्छा तोता है।
653,Chiqui is a parrot that speaks Esperanto.,चिकी एक ऐसा तोता है जो एस्पेरांतो में बात करता है।
654,I started it.,मैंने शुरू किया।
655,I'm with him.,मैं उसके साथ हूँ।
656,It could be heroin.,हेरोइन हो सकता है।
657,There can never be peace without justice.,बिना न्याय के शांति नहीं हो सकती है।
658,It's not good.,अच्छा नहीं है।
659,The place is empty.,वह जगह खाली है।
660,Change is never easy.,बदलाव कभी आसान नहीं होता।
661,Tom set down his beer.,टॉम ने अपनी बीयर नीचे रख दी।
662,My name is on the door.,दरवाजे पर मेरा नाम है।
663,Tom never got caught.,टॉम कभी पकड़ा नहीं गया।
664,It could be cancer.,कैंसर हो सकता है।
665,Call me when you can.,हो सके तब कॉल करना।
666,Tom couldn't breathe.,टॉम साँस नहीं ले पा रहा था।
667,Tom is trying his best.,टॉम अपनी पूरी कोशिश कर रहा है।
668,How could that be?,ऐसे कैसे हो सकता है?
669,What else would it be?,और क्या हो सकता है?
670,Tom is very artistic.,टॉम बहुत कलात्मक है।
671,Tom seems artistic.,टॉम कलात्मक लगता है।
672,Tom is quite artistic.,टॉम काफी कलात्मक है।
673,Tom isn't artistic.,टॉम कलात्मक नहीं है।
674,Is it morning already?,सुबह हो भी गयी?
675,Tom took Mary along.,टॉम मैरी को साथ ले गया।
676,"Tom is nice, isn't he?","टॉम अच्छा है, है ना?"
677,"Tom is happy, isn't he?","टॉम खुश है, है ना?"
678,"Tom is here, isn't he?","टॉम यहाँ है, है ना?"
679,Tom tried to stop me.,टॉम ने मुझे रोकने की कोशिश की।
680,This is easy for me.,यह मेरे लिये आसान नहीं है।
681,Tom was looking at me.,टॉम मुझे देख रहा था।
682,Tom lives above me.,टॉम मेरे उपर रहता है।
683,Did Tom ask about me?,क्या टॉम ने मेरे बारे में पूँछा?
684,What could it mean?,इसका क्या मतलब हो सकता है?
685,The mistake was mine.,गलती मेरी थी।
686,My purse has been stolen.,मेरा पर्स चोरी हो गया है.
687,The decision is mine.,निर्णय मेरा था।
688,This fight is mine.,यह लड़ाई मेरी है।
689,This gold is mine.,यह सोना मेरा है।
690,Nothing here is mine.,यहाँ का कुछ भी मेरा नहीं है।
691,This money is mine.,यह पैसा मेरा है।
692,This is a gold mine.,यह सोने की खान है।
693,Tom tried to move.,टॉम ने हिलने की कोशिश की।
694,They left last night.,वे पिछली रात चले गये।
695,It was a cold night.,ठंडी रात थी।
696,Tom works at night.,टॉम रात को काम करता है।
697,Tom works all night.,टॉम पूरी रात काम करता है।
698,My answer is still no.,"मेरा जवाब अभी भी ""नहीं"" है।"
699,Tom is going to say no.,"टॉम ""नहीं"" कहने वाला है।"
700,Where's Tom right now?,टॉम इस वक़्त कहाँ है?
701,Tom is resting now.,टॉम अभी आराम कर रहा है।
702,It's all OK now.,अभी सब ठीक है।
703,Why are you here now?,तुम अभी इस वक़्त यहाँ क्यों हो?
704,Tom has a cold now.,अभी टॉम को जुकाम है।
705,What floor am I on?,मैं किस मंज़िल पर हूँ?
706,Tom tried putting on the coat.,टॉम ने कोट पहन कर देखा।
707,The window was open.,खिड़की खुली थी।
708,The cage is open.,पिंजरा खुला है।
709,He betrays his king and country.,वह अपने राजा तथा देश के साथ गद्दारी करता है।
710,There are no options.,और कोई विकल्प नहीं हैं।
711,What should I order?,क्या मंगाऊँ?
712,This place is ours.,यह जगा हमारी है।
713,When did Tom find out?,टॉम को कब पता चला?
714,How did you find out?,तुम्हें कैसे पता चला?
715,The game is not over.,खेल खतम नहीं हुआ है।
716,It's not over.,खतम नहीं हुआ है।
717,I'm the owner.,मालिक मैं हूँ।
718,Tom loves to party.,टॉम को पार्टी करना पसंद है।
719,She was heard playing the violin.,वह विओलिन बजाती सुनाई दी.
720,It was a great plan.,बढ़िया योजना थी।
721,Tom was popular.,टॉम लोकप्रिय था।
722,Tom never was poor.,टॉम गरीब तो कभी था ही नहीं।
723,Tom was sent to prison.,टॉम को जेल भेज दिया गया।
724,"If you are to finish the work before June, you will have to work much better.",यदि आपने जून से पहले कार्य सम्पूर्ण करना है तो आपको अधिक अच्छा कार्य करना पड़ेगा.
725,Shut the door quickly.,जल्दी से दरवाजा बंद कर दीजिए।
726,Tom is very quiet.,टॉम बहुत शांत है।
727,He waved at her.,उसने उसकी तरफ हाथ फिराया.
728,Your room is ready.,आपका कमरा तैयार है।
729,Tom is very rich.,टॉम बहुत अमीर है।
730,It made me very rich.,इससे में बहुत अमीर बन गया।
731,Tom is quite rich.,टॉम काफी अमीर है।
732,Please tell me what I should do.,कृपया बताएं अब मुझे क्या करना चाहिए.
733,Tom wanted to be rich.,टॉम अमीर बनना चाहता था।
734,Tom used to be rich.,टॉम अमीर हुआ करता था।
735,"Yesterday I became a god, but found that a bit boring, so today I became a devil.","कल मैं देवता बना, लेकिन इसमें मुझे मज़ा नहीं आया। इसलिए आज मैं शैतान बन गया।"
736,Let me see your ring.,मुझे अपनी अँगूठी देखने दीजिए।
737,Tom rented a room.,टॉम ने एक कमरा किराये पर लिया।
738,The old lady smiled at her granddaughter.,बूढ़ी औरत अपनी पोती पर मुस्कुराई।
739,That old woman smiled at her granddaughter.,वह बूढ़ी औरत अपनी पोती पर मुस्कुराई।
740,He abandoned his hope of becoming a doctor.,उसने डॉक्टर बन ने की उम्मीद त्याग दी.
741,We have some new products we'd like you to see.,आपको कुछ नए प्रॉडक्ट्स दिखाना चाहते हैं।
742,"It is clear that the Americans can't even solve their own problems, so how can they possibly think themselves capable of dealing with the rest of the world's problems?","साफ़ है कि अमरीकी अपनी समस्याएँ भी सुलझा नहीं सकते हैं, तो फ़िर वे खुद को बाकी दुनिया की समस्याएँ सुलझाने के काबिल कैसे समझ सकते हैं?"
743,Is Tom still in school?,क्या टॉम अभी भी स्कूल में है?
744,What did Galileo see?,गैलीलियो ने क्या देखा?
745,Tom is very selfish.,टॉम बहुत स्वार्थी है।
746,"As a matter of fact, I dislike him.",दरअसल मुझे वह पसंद नहीं है।
747,Tom got home at seven.,टॉम सात बजे घर पहुँचा।
748,We heard it.,हमने सुना।
749,I can barely afford to buy enough food to feed my family.,अपने परिवार के लिए खाना खरीदना भी मेरे लिए मुश्किल है।
750,Tom isn't able to drive yet.,टॉम अभी गाड़ी नहीं चला सकता।
751,Maybe it will snow.,शायेद हिमपात होगा.
752,Tom never was skinny.,टॉम कभी पतला तो था ही नहीं।
753,Tom used to be skinny.,टॉम पतला हुआ करता था।
754,Everyone in my family gets up early.,मेरे परिवार में हर कोई जल्दी उठता है।
755,Tom is going to sleep.,टॉम सोने जा रहा है।
756,It seems Tom is very sleepy.,लगता है टॉम को बहुत नींद आई है।
757,I heard a noise.,मुझे कोई आवाज़ सुनाई दी।
758,He made up his mind to study abroad.,उसने विदेश में पढ़ने का निर्णय लिया।
759,"If you have a time, could you translate some sentences below, please?","अगर आपके पास थोड़ा समय हो, तो कृपया निम्न वाक्यों का अनुवाद करेंगे?"
760,"It was cold that day, and moreover it began to rain.","उस दिन ठंड थी, और ऊपर से बारिश होने लगी।"
761,I expect him to come.,मुझे लगता है वह आएगा।
762,I cannot dance one single step of Salsa.,मुझे साल्सा नाचना बिलकुल नहीं आता।
763,Why did Tom stop?,टॉम रुका क्यों?
764,It was a nice story.,अच्छी कहानी थी।
765,This is very strange.,यह बहुत अजीब है।
766,Tom is quite strong.,टॉम काफी शक्तिशाली है।
767,"Is it fine if I explain in English? Anyone who wouldn't be comfortable with English, please raise your hand.",अंग्रेज़ी में समझाया तो चलेगा क्या? जिन्हें अंग्रेज़ी से तकलीफ़ है वो हाथ उठाएँ।
768,That's a nice suit.,वह अच्छा सूट है।
769,It's the third biggest city of Serbia.,यह सर्बिया का तीसरा सबसे बड़ा शहर है.
770,They both are teachers.,दोनों अध्यापक हैं।
771,"In a word, I think he's a fool.","एक शब्द में कहूँ तो, मुझे लगता है वो बेवकूफ़ है।"
772,Why would I wear that?,मैं वह क्यों पहनूंगा?
773,I don't want to do this with you.,मैं तुम्हारे साथ ऐसा नहीं करना चाहती.
774,Do you ever do that?,वैसा कभी करते हो?
775,I have to go home already.,मुझे अभी घर जाना है.
776,Tom can't seem to do anything right.,टॉम कुछ भी सही ढंग से नहीं कर सकता.
777,This is my father's house.,मेरे पापा का घर है।
778,It is my father's house.,मेरे पिताजी का घर है।
779,What color are they?,वे कौनसे रंग के हैं?
780,Man can't live without dreams.,इनसान सपने देखे बिना जी नहीं सकता है।
781,I don't have enough time.,मेरे पास काफी वक़्त नहीं है।
782,Mary is a kindergarten teacher.,मेरी नर्सरी टीचर है।
783,"As a light goes out, so a man dies.","जैसे दीपक बुझता है, वैसे ही आदमी मरता है।"
784,Tom won't come today.,टॉम आज नहीं आयेगा।
785,Do you work with Tom?,क्या तुम टॉम के साथ काम करते हो?
786,Is your name Tom?,क्या आपका नाम टॉम है?
787,Is Tom your name?,क्या तुम्हारा नाम टॉम है?
788,We are working against an enemy who is very insidious in his methods.,हम एक ऐसे दुश्मन के विरुद्ध काम कर रहे हैं जो कपटपूर्ण विधियां अपनाने में प्रवीण है।
789,Did you murder Tom?,क्या आप ने टॉम का खून किया?
790,The decision is Tom's.,फैसला टॉम का है।
791,Tom is very ugly.,टॉम बहुत बदसूरत है।
792,Tom is quite ugly.,टॉम काफी बदसूरत है।
793,My family is wealthy.,मेरा परिवार धनी है।
794,It could be a weapon.,हत्यार हो सकता है।
795,Tom was winning.,टॉम जीत रहा था।
796,Tom isn't winning.,टॉम जीत नहीं रहा है।
797,Tom is probably wrong.,टॉम शायद गलत है।
798,Their answer is yes.,"उनका जवाब ""हाँ"" है।"
799,They seem to trust you.,लगता है वे तुम पर भरोसा करते हैं।
800,Would Tom lie to you?,टॉम तुम से झूठ क्यों बोलेगा?
801,Tom will wait for you.,टॉम तुम्हारा इंतजार करेगा।
802,What do they call you?,वे तुम्हें क्या कहते हैं?
803,Why did Tom call you?,टॉम ने तुम्हें क्या कहा?
804,Tom seems young.,टॉम जवान लगता है।
805,This chair is yours.,यह कुर्सी तुम्हारी है।
806,I can't go there.,मैं वहाँ नहीं जा सकता।
807,I can't do this now.,मैं यह अभी नहीं कर सकता।
808,I can't do this without you.,मैं यह तुम्हारे सिवा नहीं कर सकता।
809,Did you look under the car?,गाड़ी के नीचे देखा?
810,Did you see any pigeons?,कोई कबूतर दिखें?
811,Hide that book.,वह किताब छिपाओ।
812,It's so clean.,कितना साफ है।
813,Who's it for?,किस के लिये है?
814,Now it's here.,अभी यहाँ है।
815,I believe in it.,मुझे उसमें विश्वास है।
816,Bring the kids.,बच्चों को लाओ।
817,You can help me.,तुम मेरी मदद कर सकते हो।
818,We chose this one.,हमने यह वाला चुना।
819,I'm the surgeon.,सर्जन मैं हूँ।
820,I do mean that.,मेरा वहीं मतलब है।
821,"That's good, too.",वह भी अच्छा है।
822,"I can do it, too.",मैं भी कर सकता हूँ।
823,"Louie, your friends are coming.","लुई, तुम्हारे दोस्त आ रहे हैं।"
824,I will fight you.,मैं तुम से लड़ूंगा।
825,I'll marry you.,मैं तुम से शादी करूंगा।
826,It was getting dark.,अंधेरा हो रहा था.
827,You didn't even know me then.,तब तो तुम मुझे जानते भी नहीं थे।
828,"You do like music, don't you?","तुम्हें संगीत तो पसंद है, है ना?"
829,You don't even know who I am.,आप तो यह भी जानते कि मैं कौन हूँ।
830,"You're lying now, aren't you?","तुम अभी झूठ बोल रहे हो, है ना?"
831,You don't even know my name.,तुम तो मेरा नाम तक नहीं जानते।
832,You put in too much sugar.,तुम कुछ ज़्यादा ही शक्कर डालते हो।
833,I don't do stuff like that.,मैं वैसी चीजें नहीं करता।
834,I hear you're getting married again.,सुना है तुम फिर से शादी कर रहे हो।
835,You helped me.,तुमने मेरी मदद की।
836,You should've called the cops.,पुलिस को बुलाना चाहिए था।
837,The keys are on the table.,चाबियाँ मेज़ पर हैं।
838,You should have called the cops.,आपको पुलिस को बुलाना चाहिए था।
839,You weren't even there yesterday.,तुम तो वहाँ कल थे भी नहीं।
840,You don't seem tired at all.,तुम तो बिलकुल भी थके हुए नहीं लगते हो।
841,You don't seem afraid at all.,तुम बिलकुल भी डरे हुए नहीं लगते हो।
842,"Look around you, Tom.","आसपास देखो, टॉम।"
843,That game was fun.,उस खेल में बहुत मज़ा आया।
844,This room is very large.,यह कमरा बहुत बड़ा है।
845,"Hey, where's Tom?","अरे, टॉम कहाँ है?"
846,How does Tom do this?,टॉम यह कैसे करता है?
847,Does Tom like swimming?,क्या टॉम को तैरना पसंद है?
848,What'll Tom do now?,अब टॉम क्या करेगा?
849,Why can't Tom do it?,टॉम क्यों नहीं कर सकता?
850,What room is Tom in?,टॉम किस कमरे में है?
851,It's still hot.,अभी भी बहुत गरम है।
852,What's all this?,यह सब क्या है?
853,What's up there?,वहाँ उपर क्या है?
854,Tom broke a glass.,टॉम ने एक काँच तोड़ी।
855,What's the price of this?,इसका दाम क्या है?
856,Add the rice and cook gently until the grains begin to turn translucent.,चावल डालें और धीरे-धीरे उस समय तक पकाएं जब तक कि दानें पारभासी (स्वच्छ) न हो जाएं।
857,Tom likes running.,टॉम को भागना पसंद है।
858,Tom saw somebody.,टॉम ने किसी को देखा।
859,You aren't even trying.,तुम तो कोशिश भी नहीं कर रहे।
860,"In the play, the actor suddenly transmogrified into a monster.",नाटक में कलाकार अचानक से दैत्य में परिवर्तित हो गया।
861,You have a lot to learn.,तुम्हें अभी बहुत कुछ सीखना है।
862,You and I aren't like that.,तुम और मैं वैसे नहीं हैं।
863,You shouldn't even be here.,तुम्हें तो यहाँ होना भी नहीं चाहिए।
864,We simply didn't expect to see such filth on the family shopping site.,हमने पारिवारिक शापिंग साइट पर इस प्रकार की अश्लीलता देखने की कभी कल्पना नहीं की थी।
865,"The most commonly reported flu symptoms are fever, chills, sweating, astheania, headache and nausea.","फ्लू के सर्वाधिक सामान्य लक्षणों में ज्वर, ठंड लगना, पसीना, शक्तिहीनता, सिरदर्द और मतली शामिल हैं।"
866,Are they live?,क्या वे ज़िंदा हैं?
867,That's my book.,वह मेरी किताब है।
868,Why did you let him go?,तुमने उसे जाने क्यों दिया?
869,Why did you let her go?,आपने उसे जाने क्यों दिया?
870,Why did you let them go?,तुमने उन्हें जाने क्यों दिया?
871,Why did you let me go?,तुमने मुझे जाने क्यों दिया?
872,I have back problems.,मुझे पीठ की तकलीफ है I
873,Why did you let us go?,तुमने हमें जाने क्यों दिया?
874,What is art?,कला क्या होती है?
875,He lives in Osaka.,वह ओसाका में रहता है।
876,You've got a lot of enemies.,तुम्हारे बहुत सारे दुशमन हैं।
877,I like English.,मुझे अंग्रेज़ी पसंद है।
878,You need this more than I do.,मुझ से ज़्यादा तुम्हें इसकी ज़रूरत है।
879,We all felt sorry for Tom.,हम सब टॉम के लिए दुःखी थे।
880,You really do look beautiful.,तुम तो सच-मुच सुंदर लगते हो।
881,You should've studied harder.,तुम्हें और मेहनत से पढ़ाई करनी चाहिए थी।
882,You should have studied harder.,आपको और मेहनत से पढ़ाई करनी चाहिए थी।
883,You've got three months left.,तुम्हारे पास तीन महीने बचे हैं।
884,You've had too much to drink.,तुम ने कुछ ज़्यादा ही पी ली है।
885,You said you wouldn't do that.,तुम ने कहा था तुम वैसा नहीं करोगे।
886,I have some stuff to do at home.,मुझे घर में थोड़ा काम करना है I
887,Millie is eating a banana.,मिली एक केला खा रही है।
888,It was sort of fun.,वो मजेदार था I
889,I'm not worried about that.,मुझे उसकी चिंता नहीं है।
890,I've done the wrong thing.,मैंने गलत चीज़ की है।
891,I've done the right thing.,मैंने सही चीज़ की है।
892,I wasn't making fun of Tom.,मैं टॉम का मज़ाक नहीं उड़ा रहा था।
893,It's no use crying over spilt milk.,अब पछताए क्या होत जब चिड़िया चुग गई खेत।
894,"When in Rome, do as the Romans do.","जैसा देस, वैसा भेस।"
895,You reap what you sow.,जैसा करोगे वैसा भरोगे।
896,What is the meaning of this word?,इस अल्फाज का मतलब क्या है?
897,Tom is in my room.,टॉम मेरे कमरे में है।
898,I've read the first page.,मैंने पहला पृष्ठ पढ़ा लिया I
899,Who's the next candidate?,अगला उम्मीदवार कौन है?
900,Our main office is in Osaka.,हमारा मुख्य कार्यालय ओसाका में है।
901,Like us on Facebook!,फ़ेसबुक पर हमें लाइक करें!
902,When did he return from Osaka?,वह ओसाका से कब लौटा?
903,I was going to do it yesterday.,मैं वह कल करने वाला था।
904,I'm a little crazy.,मैं थोड़ा पागल हूँ।
905,What's a jungle?,जंगल क्या होता है I
906,I should've gone with you.,मुझे तुम्हारे साथ जाना चाहिए था।
907,What are you doing here now?,अब तुम यहाँ क्या कर रहे हो?
908,Tom was shot in the leg.,टॉम को पैर में गोली लगी।
909,The scientists are working on a new experiment.,वैज्ञानिक नए प्रयोग पर काम कर रहे है I
910,It's a big hospital.,बड़ा अस्पताल है।
911,Tom was swimming with us yesterday.,टॉम कल हमारे साथ तैर रहा था।
912,Establish contact with me tomorrow.,मुझसे कल संपर्क स्थापित करना।
913,This is big news.,यह बड़ी ख़बर है।
914,It was a big night.,बड़ी रात थी।
915,It's a big room.,बड़ा कमरा है।
916,I'm an animal.,मैं एक जानवर हूँ I
917,How big was your school?,तुम्हारी स्कूल कितनी बड़ी थी?
918,It's a big world.,बड़ी दुनिया है।
919,Everyone felt sorry for Tom.,सब टॉम के लिए दुःखी थे I
920,Tom doesn't eat meat.,टॉम गोश्त नहीं खाता है।
921,I was born in China.,मैं चीन में पैदा हुआ था।
922,Khalid has a variety of pens.,ख़ालिद के पास तरह-तरह के कलम है।
923,"English is studied in China, too.",चीन में भी अंग्रेज़ी सीखी जाती है।
924,"I don't know how, but she did it.",पता नहीं कैसे पर उसने कर दिया।
925,The Swiss keyboard doesn't have a ß.,स्वीस कीबोर्ड पर ß नहीं होता।
926,It's my birthday.,मेरा जन्मदिन है।
927,"It is better to live rich, than to die rich.",अमीर हो कर मरने से बेहतर है अमीर हो कर जीना।
928,You play Starcraft really well.,तुम स्टारक्राफ़्ट बड़ी अच्छी तरह से खेलते हो।
929,Tom doesn't like dogs.,टॉम को कुत्ते पसंद नहीं।
930,I can't help.,मैं मदद नहीं कर सकता।
931,The ship leaves for Honolulu tomorrow.,वह जहाज़ कल होनोलूलू के लिए रवाना होगा।
932,I don't know what he knows.,मुझे नहीं पता कि उसे क्या पता है।
933,I found this test difficult.,मैंने इस परीक्षण को मुश्किल पाया।
934,India is in Asia.,भारत एशिया में है।
935,India is a developing country.,भारत एक विकासशील देश है।
936,How many states does India have?,भारत में कितने राज्य हैं?
937,I am going back to India.,मैं भारत लौट रहा हूँ।
938,Rajinikanth is a superstar in India.,रजनीकान्त भारत में सुपरस्टार है।
939,I want to go to India.,मैं भारत जाना चाहता हूँ।
940,It looks like you are from India.,लगता है आप भारत से हैं।
941,"He's English, but lives in India.","वह अंग्रेज़ है, मगर भारत में रहता है।"
942,India is the third largest country in Asia.,एशिया में तीसरा सबसे बड़ा देश भारत है।
943,I solved this problem with difficulty.,मैने यह समस्या कठिनाई से सुलझाई।
944,Should Hindi be taught in schools across India?,क्या हिन्दी भारत भर की पाठशालाओं में सिखाई जानी चाहिए?
945,Do you speak Marathi?,मराठी बोलते हो?
946,We can't leave Tom here.,हम टॉम को यहाँ नहीं छोड़ सकते।
947,We were there last night.,हम कल रात वहाँ थे।
948,We can help Tom now.,अभी हम टॉम की मदद कर सकते हैं।
949,We live together now.,अभी हम एक साथ रहते हैं।
950,The aircraft has landed at the airport.,वायुयान हवाई अड्डे पर उतर गया है।
951,We threw Tom out.,हमने टॉम को बाहर फेंक दिया।
952,We can order a pizza.,हम पिज़ा मंगा सकते हैं।
953,We think you're right.,हमें लगता है तुम सही हो।
954,We were just studying.,हम बस पढ़ाई कर रहे थे।
955,Nobody here eats meat.,यहाँ कोई गोश्त नहीं खाता है।
956,People are getting down.,लोग उतर रहे हैं।
957,We shouldn't do this.,हमें ऐसा नहीं करना चाहिए।
958,What a clever dog!,क्या होशियार कुत्ता है!
959,I need new glasses.,मुझे नया चश्मा चाहिए।
960,Will you teach me French?,क्या तुम मुझे फ़्रांसीसी सिखाओगे?
961,Don't forget the ticket.,टिकट भूलना मत।
962,Just give the order.,बस हुक्म दीजिए।
963,Tom doesn't know that.,टॉम को वह पता नहीं है।
964,Don't break anything.,कुछ तोड़ना मत।
965,Come on in.,अंदर आओ।
966,Why can't you tell me?,तुम मुझे क्यों नहीं बता सकते?
967,Forget what I said.,मैंने जो कहा वह भूल जाओ।
968,He has gone out.,वह बाहर गये है।
969,They're both older than you.,वे दोनों तुमसे उम्र में बड़े हैं।
970,Tom is a poet.,टॉम कवी है।
971,I am going to go to America next year.,अगले साल मैं अमरीका जाने वाला हूँ।
972,It was a beautiful speech.,सुंदर भाषण था।
973,Is she going to go to America this year?,क्या वह इस साल अमरीका जाने वाली है?
974,I do a lot of things.,मैं बहुत सारे चीज़ें करता हूँ।
975,Where does he live in Germany?,जर्मनी में वह कहाँ रहता है?
976,Tom is a communist.,टॉम साम्यवादी है।
977,"Tom is married, has three kids, and lives in Boston.","टॉम शादीशुदा है, उसके तीन बच्चे हैं और वह बोस्टन में रहता है।"
978,What does he want in return?,उसे बदले में क्या चाहिए?
979,Sing with us.,हमारे साथ गाओ।
980,That's a pretty good question.,यह काफ़ी अच्छा सवाल है।
981,I have a headache.,मेरे सिर में दर्द हो रहा है।
982,I'm going to help you.,मैं तुम्हारी मदद करने वाला हूँ।
983,I told Tom my story.,मैंने टॉम को मेरी कहानी बताई।
984,Who wants to go?,कौन जाना चाहता है?
985,Tom shot a gun.,टॉम ने एक बंदूक चलाई।
986,Can you hear anything?,कुछ सुनाई दे रहा है?
987,You should've told me that yesterday.,तुम ने मुझे वह कल बताना चाहिए था।
988,Next year I'm going to Hawaii.,अगले साल मैं हवाई जा रहा हूँ।
989,"""My mother's American, and my father is Uighur."" ""Really?"" ""No! I was joking!""","""मेरी माँ अमरीकी है और पिता उइघुर।"" ""सच?"" ""नहीं! मैं बस मज़ाक कर रहा था।"""
990,What kind of bird is this?,यह किस तरह की पंछी है?
991,I reached the station at six.,मैं छः बजे स्टेशन पहुँचा।
992,"First we'll eat, and then we'll go.","पहले खाएंगे, फिर जाएंगे।"
993,Tom told her.,टॉम ने उसे बताया।
994,It makes no difference.,कोई फरक नहीं पड़ता।
995,"Mr. President, my name is Khan and I am not a terrorist.","राष्ट्रपति जी, मेरा नाम खान है, और मैं आतंकवादी नहीं हूँ।"
996,Read it again.,इसे दोबारा पढ़ें।
997,These are very old books.,ये किताबें काफ़ी पुरानी हैं।
998,There's a rich man sleeping on a golden bed.,एक अमीर आदमी सुनहरे बिस्तर पर सो रहा है।
999,I can't remember.,मुझे याद नहीं।
1000,"As he had no way of making fire, he ate the fish raw.","वह आग जला नहीं सकता था, इसलिए उसने मछली को कच्चा खाया।"
